name,datetime,tempmax,tempmin,temp,feelslikemax,feelslikemin,feelslike,dew,humidity,precip,precipprob,precipcover,preciptype,snow,snowdepth,windgust,windspeed,winddir,sealevelpressure,cloudcover,visibility,solarradiation,solarenergy,uvindex,severerisk,sunrise,sunset,moonphase,conditions,description,icon,stations
Istanbul,2025-01-01,52.7,37.3,44,52.7,34.5,43.5,39.2,84,0,0,0,,0,0,17.2,6,265.5,1031.7,2.6,5.2,76.5,6.7,4,,2025-01-01T08:29:18,2025-01-01T17:46:36,0.05,Clear,Clear conditions throughout the day.,clear-day,"D8508,LTBA,17063099999,17061099999,17064099999,17060099999"
Istanbul,2025-01-02,54.1,39.4,47.8,54.1,39.4,46.7,40.7,77.1,0,0,0,,0,0,20.1,10.9,227.3,1027,14,6.4,86.2,7.6,4,,2025-01-02T08:29:23,2025-01-02T17:47:28,0.09,Clear,Clear conditions throughout the day.,clear-day,"D8508,LTBA,17063099999,17061099999,17064099999,17060099999"
Istanbul,2025-01-03,58.2,49.5,53.7,58.2,45.5,53.5,44.9,72,0,0,0,,0,0,28.6,12.8,219.2,1019.8,39.1,9.7,97.9,8.4,4,,2025-01-03T08:29:26,2025-01-03T17:48:21,0.12,Partially cloudy,Partly cloudy throughout the day.,partly-cloudy-day,"D8508,17063099999,17061099999,17064099999,17060099999"
Istanbul,2025-01-04,54.4,43.1,49.3,54.4,36.2,46.3,44.2,82.5,0.112,100,12.5,rain,0,0,25.3,14.8,340.1,1018.9,87,8.7,20.1,1.8,2,,2025-01-04T08:29:27,2025-01-04T17:49:16,0.16,"Rain, Partially cloudy",Partly cloudy throughout the day with a chance of rain throughout the day.,rain,"D8508,LTBA,17063099999,17061099999,17064099999,17060099999"
Istanbul,2025-01-05,49.3,43.3,45.9,47.7,38.8,42.8,38.1,74,0.075,100,8.33,rain,0,0,21.3,10.6,58.7,1022.3,82.6,7.3,39.4,3.4,3,,2025-01-05T08:29:25,2025-01-05T17:50:12,0.19,"Rain, Partially cloudy",Partly cloudy throughout the day with rain clearing later.,rain,"D8508,17063099999,17061099999,17064099999,17060099999"
Istanbul,2025-01-06,52,39.6,46.5,52,39.6,45.7,41.8,84,0,0,0,,0,0,15.7,8.9,219.8,1021.7,32.6,6.5,82.8,7.1,4,,2025-01-06T08:29:21,2025-01-06T17:51:10,0.23,Partially cloudy,Partly cloudy throughout the day.,partly-cloudy-day,"D8508,LTBA,17063099999,17061099999,17064099999,17060099999"
Istanbul,2025-01-07,59.5,49.2,54.5,59.5,46.5,54.2,45.2,71.1,0,0,0,,0,0,19.7,11.1,209.6,1021.1,35.2,8.5,109.1,9.4,4,,2025-01-07T08:29:14,2025-01-07T17:52:09,0.25,Partially cloudy,Partly cloudy throughout the day.,partly-cloudy-day,"D8508,17063099999,17061099999,17064099999,17060099999"
Istanbul,2025-01-08,61.9,54.6,57.6,61.9,54.6,57.6,48.7,72.1,0,0,0,,0,0,23.3,10.3,218.3,1020.9,61.1,9.5,89.7,7.7,4,,2025-01-08T08:29:06,2025-01-08T17:53:09,0.3,Partially cloudy,Partly cloudy throughout the day.,partly-cloudy-day,"LTBA,17063099999,17061099999,17064099999,17060099999"
Istanbul,2025-01-09,61.8,52.2,55.6,61.8,52.2,55.6,47.5,74.7,0,0,0,,0,0,18.1,6.2,228.9,1020.4,14.7,8.8,93.1,8.1,4,,2025-01-09T08:28:55,2025-01-09T17:54:10,0.34,Clear,Clear conditions throughout the day.,clear-day,"LTBA,17063099999,17061099999,17064099999,17060099999"
Istanbul,2025-01-10,60.7,47.7,53.9,60.7,47.7,53.9,45.5,73.6,0,0,0,,0,0,15.2,6.9,204.5,1015.1,27.6,8,95.7,8.2,4,,2025-01-10T08:28:41,2025-01-10T17:55:13,0.37,Partially cloudy,Partly cloudy throughout the day.,partly-cloudy-day,"LTBA,17063099999,17061099999,17064099999,17060099999"
Istanbul,2025-01-11,54.9,44.5,48.6,54.9,38.3,45,44.6,86.2,0.191,100,8.33,rain,0,0,22.6,13.8,24.4,1015.4,85.7,6.9,11.3,0.9,1,,2025-01-11T08:28:26,2025-01-11T17:56:17,0.41,"Rain, Partially cloudy",Partly cloudy throughout the day with rain.,rain,"D8508,17063099999,17061099999,17064099999,17060099999"
Istanbul,2025-01-12,46.7,41.3,44.4,42.9,33.8,38.8,41.8,90.5,0.365,100,16.67,rain,0,0,24.2,14.2,10.4,1018.1,89.9,5.7,9.7,0.8,1,,2025-01-12T08:28:08,2025-01-12T17:57:22,0.44,"Rain, Partially cloudy",Partly cloudy throughout the day with a chance of rain throughout the day.,rain,"D8508,17063099999,17061099999,17064099999,17060099999"
Istanbul,2025-01-13,43.8,41,41.9,36.3,32.6,34.3,38.8,88.5,0.62,100,12.5,rain,0,0,32,17.9,31.5,1025.5,90,5.9,13.4,1.2,1,,2025-01-13T08:27:48,2025-01-13T17:58:27,0.48,"Rain, Partially cloudy",Partly cloudy throughout the day with a chance of rain throughout the day.,rain,"D8508,17063099999,17061099999,17064099999,17060099999"
Istanbul,2025-01-14,45.5,41.8,43.3,39.4,34.2,36.4,39.2,85.5,0.152,100,12.5,rain,0,0,32.9,19.3,53.5,1028.7,89.8,7.4,18.3,1.5,1,,2025-01-14T08:27:26,2025-01-14T17:59:34,0.5,"Rain, Partially cloudy",Partly cloudy throughout the day with a chance of rain throughout the day.,rain,"D8508,LTBA,17063099999,17061099999,17064099999,17060099999"
Istanbul,2025-01-15,45.8,41.1,43.8,39.7,34.1,36.9,40.1,87.1,0.11,100,12.5,rain,0,0,30.9,17.6,42,1022,90,6.6,13.4,1.2,1,,2025-01-15T08:27:01,2025-01-15T18:00:42,0.55,"Rain, Partially cloudy",Partly cloudy throughout the day with a chance of rain throughout the day.,rain,"D8508,17063099999,17061099999,17064099999,17060099999"
Istanbul,2025-01-16,44.4,40.7,42.8,39,35.4,37.1,38.3,84.2,0.186,100,12.5,rain,0,0,23.3,12.5,29.3,1031.6,79.1,7.4,12.1,1.1,1,,2025-01-16T08:26:35,2025-01-16T18:01:50,0.58,"Rain, Partially cloudy",Partly cloudy throughout the day with a chance of rain throughout the day.,rain,"D8508,17063099999,17061099999,17064099999,17060099999"
Istanbul,2025-01-17,49.6,37.9,42.4,48.4,34,40.1,35.5,77,0,0,0,,0,0,13.9,8,1.6,1036.3,28.3,7.8,78.2,6.7,5,,2025-01-17T08:26:06,2025-01-17T18:03:00,0.61,Partially cloudy,Partly cloudy throughout the day.,partly-cloudy-day,"D8508,17063099999,17061099999,17064099999,17060099999"
Istanbul,2025-01-18,48.7,36.2,41.7,46.6,34,40.8,36.5,82,0,0,0,,0,0,9.4,6.9,274,1030.9,6.3,6.1,94.4,8.1,5,,2025-01-18T08:25:35,2025-01-18T18:04:10,0.64,Clear,Clear conditions throughout the day.,clear-day,"D8508,17063099999,17061099999,17064099999,17060099999"
Istanbul,2025-01-19,50.5,37.3,43.6,50.5,37.3,42.9,39.4,85.4,0,0,0,,0,0,10.5,6.2,303.3,1026.7,8,5.3,111.3,9.6,5,,2025-01-19T08:25:02,2025-01-19T18:05:20,0.67,Clear,Clear conditions throughout the day.,clear-day,"17063099999,17061099999,17064099999,17060099999"
Istanbul,2025-01-20,50.1,38.8,43.7,50.1,33.5,40.4,36.6,77,0.004,100,4.17,rain,0,0,18.6,11.6,51.8,1026.4,24.6,7.8,71.3,6.1,3,,2025-01-20T08:24:27,2025-01-20T18:06:32,0.71,"Rain, Partially cloudy",Partly cloudy throughout the day with morning rain.,rain,"LTBA,17063099999,17061099999,17064099999,17060099999"
Istanbul,2025-01-21,50.8,40.6,45.6,50.8,36.5,43.8,39.5,79.2,0,0,0,,0,0,21.9,11.3,49.8,1021.5,66.4,8.3,62.4,5.4,4,,2025-01-21T08:23:50,2025-01-21T18:07:44,0.75,Partially cloudy,Partly cloudy throughout the day.,partly-cloudy-day,"D8508,17063099999,17061099999,17064099999,17060099999"
Istanbul,2025-01-22,54.1,45.8,49.9,54.1,44.1,49.5,44.9,83.3,0.006,100,8.33,rain,0,0,11.2,6.2,238.3,1018.6,62.2,5.5,54.2,4.6,2,,2025-01-22T08:23:10,2025-01-22T18:08:56,0.77,"Rain, Partially cloudy",Partly cloudy throughout the day with rain clearing later.,rain,"D8508,LTBA,17063099999,17061099999,17064099999,17060099999"
Istanbul,2025-01-23,53.2,42.7,47.5,53.2,42.7,47.2,45.1,91.6,0,0,0,,0,0,12.3,6.6,248.6,1019.9,61.3,2.1,55.4,4.8,3,,2025-01-23T08:22:29,2025-01-23T18:10:09,0.8,Partially cloudy,Partly cloudy throughout the day.,partly-cloudy-day,"D8508,LTBA,17063099999,17061099999,17064099999,17060099999"
Istanbul,2025-01-24,57.3,44.2,51.3,57.3,44.2,50.9,45.9,82.5,0,0,0,,0,0,16.1,6.9,239.5,1019.1,59.6,6.5,125.3,10.8,5,,2025-01-24T08:21:46,2025-01-24T18:11:22,0.83,Partially cloudy,Partly cloudy throughout the day.,partly-cloudy-day,"D8508,LTBA,17063099999,17061099999,17064099999,17060099999"
Istanbul,2025-01-25,52.8,42.2,48.4,52.8,39.1,46.6,44.2,85.5,0.209,100,12.5,rain,0,0,17.7,9.8,20.2,1020.5,80.1,6.6,16.4,1.5,1,,2025-01-25T08:21:00,2025-01-25T18:12:36,0.87,"Rain, Partially cloudy",Partly cloudy throughout the day with a chance of rain throughout the day.,rain,"D8508,17063099999,17061099999,17064099999,17060099999"
Istanbul,2025-01-26,51.6,40.3,45.4,51.6,36.9,43.9,40.9,84.8,0.039,100,4.17,rain,0,0,15.4,7.2,2.8,1024.9,35.2,7.8,56,4.8,5,,2025-01-26T08:20:13,2025-01-26T18:13:50,0.9,"Rain, Partially cloudy",Becoming cloudy in the afternoon with morning rain.,rain,"D8508,17063099999,17061099999,17064099999,17060099999"
Istanbul,2025-01-27,53.1,40,46.5,53.1,40,46.2,43.4,89.4,0.004,100,4.17,rain,0,0,12.5,6.6,232.9,1022.8,42,3.6,102.6,8.7,5,,2025-01-27T08:19:24,2025-01-27T18:15:04,0.93,"Rain, Partially cloudy",Partly cloudy throughout the day with morning rain.,rain,"D8508,17063099999,17061099999,17064099999,17060099999"
Istanbul,2025-01-28,56.6,42.2,49.8,56.6,42.2,49,44.3,82,0,0,0,,0,0,15.7,9.3,213.4,1019.9,15.3,5.6,137.8,11.9,5,,2025-01-28T08:18:33,2025-01-28T18:16:19,0.96,Clear,Clear conditions throughout the day.,clear-day,"D8508,17063099999,17061099999,17064099999,17060099999"
Istanbul,2025-01-29,62.5,49.3,55.1,62.5,47.5,54.9,46.2,72.7,0,0,0,,0,0,20.6,10.1,218.6,1020.9,8.3,8.6,123.4,10.6,5,,2025-01-29T08:17:40,2025-01-29T18:17:33,0,Clear,Clear conditions throughout the day.,clear-day,"17063099999,17061099999,17064099999,17060099999"
Istanbul,2025-01-30,60.4,48.8,54.8,60.4,48.8,54.8,44,67.5,0,0,0,,0,0,13.6,5.4,146.4,1023.2,63.1,8.5,76.8,6.7,3,,2025-01-30T08:16:45,2025-01-30T18:18:48,0.03,Partially cloudy,Partly cloudy throughout the day.,partly-cloudy-day,"LTBA,17063099999,17061099999,17064099999,17060099999"
Istanbul,2025-01-31,57.6,48.4,52.2,57.6,48.4,52.2,46.3,80.5,0,0,0,,0,0,12.8,9.2,230,1023.6,59.5,5.7,100.8,8.6,4,,2025-01-31T08:15:49,2025-01-31T18:20:03,0.07,Partially cloudy,Partly cloudy throughout the day.,partly-cloudy-day,"LTBA,17063099999,17061099999,17064099999,17060099999"
